daily_screen_time,num_app_switches,sleep_hours,notification_count,social_media_time_min,focus_score,mood_score,anxiety_level,digital_wellbeing_score
9.8,74,7.1,27,185.52,72.48,75.53,10.0,26.46
8.85,70,6.33,31,181.5,72.7,76.49,10.0,23.98
7.12,57,7.28,23,125.73,71.34,77.75,10.0,30.33
5.71,48,8.33,31,110.59,83.59,82.07,10.0,40.97
8.4,60,6.22,26,119.52,79.31,79.38,10.0,31.82
7.79,65,6.22,27,169.93,70.49,83.79,10.0,29.72
8.79,56,8.4,39,184.63,84.45,82.11,10.0,35.41
8.27,63,7.42,22,149.16,80.74,74.43,10.0,35.49
9.1,70,5.94,47,210.86,70.0,84.06,10.0,23.62
5.93,50,7.15,28,152.65,81.74,77.57,10.0,36.77
9.63,77,5.94,30,154.1,80.61,,10.0,24.78
7.4,52,5.94,33,132.42,80.76,81.91,10.0,30.22
11.15,84,6.79,35,211.09,,81.06,10.0,24.43
5.62,45,4.2,10,89.86,75.98,82.38,10.0,25.99
10.47,83,4.43,46,244.79,68.3,77.18,10.0,15.25
7.4,56,5.83,35,149.5,74.3,,10.0,29.46
5.7,43,5.28,14,111.7,68.65,89.6,10.0,27.25
6.03,51,6.88,0,66.56,91.9,83.62,10.0,35.46
6.36,48,5.41,28,152.61,78.88,77.54,10.0,33.72
7.85,62,4.81,28,127.64,75.9,82.3,10.0,27.29
8.05,75,8.26,40,170.76,80.14,84.92,10.0,28.22
5.85,39,6.23,23,131.23,77.08,82.27,10.0,29.8
6.95,46,6.58,35,186.8,78.33,92.51,10.0,28.01
11.28,94,4.79,45,197.71,59.01,74.91,10.0,11.26
10.46,80,5.85,16,128.97,82.17,,10.0,15.7
7.87,61,6.63,32,170.84,71.35,81.0,10.0,27.96
7.08,52,5.12,41,202.61,70.93,82.22,10.0,21.13
7.24,56,6.95,40,189.21,77.22,73.22,10.0,29.09
8.23,73,5.78,33,179.06,81.54,68.75,10.0,19.44
4.95,43,6.15,18,89.29,82.46,77.88,10.0,32.82
6.49,56,5.78,19,160.4,72.4,70.71,10.0,24.52
3.66,22,8.72,6,47.71,96.39,84.53,10.0,51.39
7.8,56,6.48,37,178.06,81.03,82.51,10.0,34.31
8.29,52,5.23,32,189.35,76.56,72.85,10.0,25.02
6.03,44,7.49,31,158.51,86.49,75.2,10.0,33.79
10.15,85,5.03,61,295.9,81.75,75.49,10.0,26.05
4.55,38,6.75,19,107.29,95.33,86.03,10.0,34.76
4.07,31,4.15,14,70.23,76.72,68.65,10.0,20.16
7.45,59,4.91,26,155.66,83.03,81.32,10.0,26.17
9.09,69,6.74,26,137.91,77.2,85.26,10.0,36.51
10.37,83,7.39,42,196.88,76.53,86.26,10.0,28.88
6.08,52,6.71,23,115.45,72.79,87.58,10.0,32.57
9.16,65,6.36,32,176.58,73.56,,10.0,24.58
6.92,56,6.14,31,149.95,74.37,78.0,10.0,30.77
6.65,57,4.73,26,115.08,80.28,78.08,10.0,28.33
8.77,68,5.64,33,217.74,79.09,75.56,10.0,26.81
8.3,69,5.95,40,174.4,64.91,79.0,10.0,21.72
3.85,44,7.77,14,80.51,87.73,91.86,10.0,41.38
9.95,79,6.91,41,199.18,79.53,73.78,10.0,22.21
9.76,80,4.38,47,209.62,68.31,70.97,10.0,15.75
5.75,42,6.89,22,145.48,85.93,88.24,10.0,33.67
7.79,63,6.04,23,137.61,78.25,84.88,10.0,25.95
7.99,66,5.69,28,148.01,77.11,77.09,10.0,24.5
7.52,61,,25,148.84,78.07,86.26,10.0,32.14
5.9,42,7.74,25,83.51,77.59,85.79,10.0,35.23
5.66,46,7.62,14,94.21,78.31,91.17,10.0,40.22
6.95,62,,23,131.64,80.63,79.16,10.0,28.15
9.35,77,6.13,45,222.49,73.66,83.68,10.0,24.71
8.09,69,6.9,29,177.71,76.93,94.04,10.0,33.98
6.26,48,7.67,25,137.24,80.7,86.04,10.0,33.93
8.54,72,5.92,42,204.94,73.24,,10.0,25.06
1.3,11,6.28,2,23.24,95.18,85.78,10.0,43.1
9.3,69,5.17,40,206.96,70.07,75.07,10.0,15.63
3.52,29,5.06,11,70.84,76.38,90.89,10.0,36.4
6.28,45,7.48,20,139.74,86.12,83.52,10.0,34.35
4.76,34,8.13,18,82.49,85.71,83.52,10.0,41.06
4.41,36,6.41,12,19.46,84.16,78.32,10.0,38.25
9.32,76,7.7,38,191.73,84.8,87.7,10.0,36.69
6.06,42,6.93,35,170.04,81.64,85.37,10.0,34.55
7.69,66,5.73,41,189.34,77.51,75.81,10.0,24.26
6.91,58,6.93,28,173.99,74.16,83.85,10.0,34.75
7.95,60,8.35,49,204.12,79.68,75.75,10.0,34.94
7.15,49,6.46,31,152.89,81.65,81.29,10.0,29.04
4.43,34,8.38,27,99.03,80.11,87.37,10.0,38.94
8.99,69,3.36,30,170.31,69.73,82.41,10.0,11.11
6.01,48,7.49,32,116.78,83.45,79.17,10.0,35.59
3.89,29,6.6,23,100.1,85.64,75.15,10.0,34.67
6.14,39,6.14,35,165.14,85.18,75.05,10.0,33.51
10.0,78,6.61,42,205.85,74.89,73.11,10.0,25.06
8.7,68,4.11,32,169.2,78.22,82.09,10.0,25.47
6.3,53,6.24,32,132.37,74.9,88.01,10.0,29.44
6.3,46,6.93,30,150.37,81.93,82.95,10.0,37.26
6.36,59,8.27,8,90.18,84.26,91.15,10.0,39.84
11.15,79,5.88,27,165.34,64.1,79.67,10.0,22.97
7.76,68,5.53,28,146.53,80.31,78.14,10.0,22.09
7.86,61,5.9,27,128.44,87.7,77.99,10.0,29.65
9.06,76,7.6,34,175.03,76.99,80.73,10.0,24.85
7.48,60,6.89,36,152.6,81.36,73.51,10.0,28.76
6.48,57,5.86,14,122.52,79.19,81.01,10.0,31.53
6.61,50,7.12,37,182.33,77.45,80.99,10.0,30.74
6.86,49,6.62,21,153.8,70.42,84.4,10.0,27.6
6.93,62,7.66,34,154.45,77.94,83.22,10.0,36.91
8.46,67,5.66,38,196.23,67.44,77.23,10.0,22.41
7.1,57,6.11,25,115.02,86.53,75.94,10.0,28.37
8.47,73,6.03,37,208.94,74.55,78.94,10.0,25.85
6.84,49,4.74,34,141.34,74.08,80.82,10.0,32.26
7.16,60,6.86,39,170.42,83.84,75.15,10.0,34.04
3.0,21,6.81,9,30.92,82.01,83.55,10.0,42.16
8.83,70,,27,138.87,71.51,81.86,10.0,28.64
7.69,61,6.22,40,186.09,77.39,75.75,10.0,27.34
9.0,64,4.8,36,200.21,76.75,73.33,10.0,13.3
1.21,5,6.0,4,0.0,92.08,83.14,10.0,38.5
11.18,96,6.09,49,208.62,71.07,73.03,10.0,18.43
6.72,58,5.54,40,174.9,78.02,79.91,10.0,21.5
9.22,73,6.31,27,157.86,76.18,75.51,10.0,22.15
4.92,40,6.98,32,152.6,85.14,86.74,10.0,31.22
8.23,64,8.76,22,145.72,75.93,96.79,10.0,39.59
4.89,45,6.71,27,121.91,83.86,77.08,10.0,36.41
5.75,45,6.81,24,110.94,76.74,84.44,10.0,37.1
10.83,87,6.41,39,245.48,71.57,75.1,10.0,23.62
6.62,58,4.2,18,122.67,72.75,81.56,10.0,20.8
7.43,55,6.47,28,151.25,90.76,74.09,10.0,24.96
8.74,77,6.57,35,184.77,75.46,82.47,10.0,22.92
7.99,56,9.46,21,137.75,75.91,82.25,10.0,34.67
7.3,66,6.27,37,175.54,77.27,78.58,10.0,25.63
7.73,59,6.86,30,146.93,80.86,76.12,10.0,29.53
11.81,93,6.46,47,241.09,77.67,83.01,10.0,21.1
6.88,45,5.1,19,114.75,73.48,74.1,10.0,25.32
7.4,56,7.87,20,78.58,73.03,87.19,10.0,34.44
9.1,67,7.4,45,185.4,80.69,79.99,10.0,30.2
9.21,70,7.45,50,265.81,69.57,79.9,10.0,31.1
9.37,74,5.41,41,220.39,69.89,77.88,10.0,17.84
8.28,71,8.18,37,173.25,78.52,79.67,10.0,34.65
4.71,38,4.82,16,91.11,79.86,79.17,10.0,28.72
10.27,83,7.2,42,216.28,77.32,88.46,10.0,28.77
4.71,32,9.13,26,115.27,85.42,82.45,10.0,45.79
7.61,56,5.31,15,124.29,74.04,84.41,10.0,29.61
5.49,52,5.82,36,148.75,80.59,86.65,10.0,29.01
6.87,51,6.62,33,165.77,80.24,76.4,10.0,29.56
7.66,69,5.9,34,182.35,76.97,71.48,10.0,25.9
7.64,59,4.64,34,173.65,76.17,77.89,10.0,21.94
7.84,62,6.58,32,165.31,81.7,,10.0,31.25
10.23,87,5.23,38,234.96,71.96,85.88,10.0,23.21
7.91,69,7.07,44,183.8,80.59,81.25,10.0,36.44
6.51,51,5.4,25,126.12,69.86,74.68,10.0,20.18
8.93,69,8.36,36,170.28,79.11,78.15,10.0,32.56
9.38,74,5.56,44,200.01,74.76,83.24,10.0,21.26
4.54,38,6.11,23,141.91,86.78,77.01,10.0,35.16
8.19,70,7.48,29,134.92,75.1,,10.0,27.04
8.4,67,,25,132.42,69.95,82.62,10.0,24.42
6.4,54,6.77,32,139.45,77.87,78.8,10.0,29.42
9.75,86,8.07,30,206.31,79.32,82.47,10.0,30.28
6.7,55,4.57,28,145.9,80.91,76.63,10.0,20.27
7.25,59,6.72,28,159.59,76.9,84.2,10.0,30.1
6.65,45,6.81,28,133.03,84.86,84.36,10.0,37.37
7.03,43,7.44,40,192.35,81.43,80.57,10.0,33.23
4.81,40,5.02,7,52.93,79.79,79.47,10.0,31.64
4.12,32,4.92,8,61.66,80.53,76.94,10.0,34.74
10.19,78,7.13,41,210.87,77.61,73.35,10.0,26.75
5.31,43,6.86,7,62.13,84.73,83.97,10.0,35.11
5.02,39,6.8,24,100.09,94.95,91.39,10.0,41.42
2.69,27,6.92,19,106.4,84.18,77.64,10.0,36.18
5.72,46,5.68,9,120.79,82.51,75.49,10.0,28.6
4.35,31,6.78,17,98.35,82.2,77.56,10.0,30.53
10.28,87,6.85,30,178.16,68.79,84.36,10.0,29.34
9.02,71,5.64,26,170.92,73.19,80.68,10.0,23.45
5.62,47,8.74,15,106.84,86.92,84.9,10.0,42.87
11.5,89,7.07,46,232.07,85.72,75.68,10.0,23.06
8.96,68,5.07,51,226.68,71.29,76.82,10.0,21.68
6.35,51,7.29,31,150.09,76.22,74.25,10.0,29.21
2.0,16,5.33,0,8.68,88.02,81.23,10.0,36.08
11.58,95,7.44,52,250.61,61.35,85.07,10.0,27.01
4.22,32,7.89,18,103.58,86.88,77.8,10.0,41.9
3.71,20,5.52,18,112.1,83.69,71.5,10.0,30.74
9.05,70,7.66,41,237.36,81.19,89.25,10.0,28.31
11.88,99,7.0,35,219.02,75.1,77.28,10.0,33.3
9.77,76,7.49,34,180.81,72.92,87.64,10.0,35.77
8.13,63,8.78,27,132.96,80.54,84.57,10.0,39.64
8.19,70,6.21,32,164.96,72.2,78.85,10.0,24.08
8.71,66,5.6,37,196.83,68.14,80.1,10.0,22.8
8.52,60,5.43,36,208.5,75.38,72.97,10.0,20.96
7.56,59,5.52,34,156.53,69.55,79.1,10.0,28.26
7.21,55,6.41,21,141.78,76.33,78.54,10.0,30.21
6.87,50,6.91,33,148.92,75.09,74.73,10.0,27.18
5.49,43,6.83,13,90.28,85.43,83.85,10.0,34.89
6.44,53,7.49,35,197.9,91.12,80.37,10.0,39.68
3.61,28,6.52,0,27.67,79.3,81.78,10.0,41.32
6.8,55,8.24,27,148.41,73.62,77.96,10.0,39.02
5.02,49,6.18,38,166.19,81.69,87.55,10.0,36.12
4.79,36,9.76,22,100.85,90.02,92.23,10.0,47.75
7.36,60,7.25,34,148.85,80.88,86.84,10.0,24.38
9.78,75,5.47,41,194.74,69.14,76.17,10.0,21.39
8.84,66,5.21,30,180.16,71.75,68.78,10.0,20.08
3.86,27,7.08,22,122.22,88.28,91.89,10.0,41.55
5.02,37,6.23,3,39.08,87.62,81.51,10.0,35.58
8.88,72,7.36,53,232.52,67.18,77.09,10.0,22.49
5.04,52,7.07,6,63.02,82.22,85.17,10.0,39.27
6.55,48,6.41,30,129.57,80.79,86.5,10.0,34.56
8.1,62,5.48,35,157.22,70.18,78.23,10.0,25.62
5.06,40,4.68,33,123.99,87.89,83.69,10.0,32.66
7.21,59,5.96,18,103.48,74.33,85.62,10.0,31.42
4.33,35,7.53,24,104.84,86.18,77.93,10.0,36.67
5.8,52,6.76,47,182.47,84.7,77.1,10.0,31.97
7.64,48,5.01,20,119.54,71.77,82.81,10.0,25.18
3.81,18,6.71,9,85.79,76.55,68.42,10.0,32.84
7.88,60,6.96,19,145.64,76.02,80.75,10.0,33.87
6.96,61,5.44,35,158.95,82.1,71.08,10.0,27.34
8.1,57,6.68,24,170.78,75.47,78.14,10.0,34.99
7.45,44,6.57,25,137.16,,79.36,10.0,35.78
9.73,80,5.13,45,218.93,75.43,74.82,10.0,20.49
7.25,59,6.93,42,206.39,77.7,77.66,10.0,18.43
6.14,43,7.17,26,123.24,79.51,76.81,10.0,36.66
7.24,53,7.8,35,173.73,81.86,94.16,10.0,36.25
8.09,59,7.76,32,131.02,83.21,92.68,10.0,34.4
7.1,57,4.85,19,120.36,87.41,71.88,10.0,24.33
7.08,53,5.37,29,162.88,80.72,85.95,10.0,27.47
5.6,47,,28,162.04,88.84,79.54,10.0,37.73
5.67,31,7.12,30,129.83,80.35,82.72,10.0,30.11
4.19,29,7.12,20,78.7,80.72,82.61,10.0,33.88
10.5,78,10.0,46,220.46,79.31,83.03,10.0,37.75
4.51,34,7.19,17,57.25,85.88,88.34,10.0,41.42
5.61,42,7.86,21,136.03,79.1,84.09,10.0,39.57
5.56,48,7.64,36,143.3,83.29,80.52,10.0,33.88
8.79,61,7.28,41,171.02,78.98,75.19,10.0,25.91
6.41,51,6.12,27,120.51,81.23,75.77,10.0,27.99
9.5,78,7.41,50,207.38,78.35,73.16,10.0,28.02
5.65,54,5.57,12,105.61,81.29,79.45,10.0,34.91
7.56,58,,28,156.73,74.78,73.84,10.0,20.45
5.33,44,5.92,31,174.91,78.61,77.59,10.0,29.26
11.29,81,6.6,49,229.69,64.62,86.22,10.0,19.28
4.62,25,9.28,12,86.37,98.23,93.11,10.0,44.65
7.62,65,4.26,31,140.59,73.35,76.01,10.0,23.66
8.27,66,7.32,46,195.94,76.99,80.95,10.0,32.02
7.83,68,4.56,35,158.94,68.83,85.88,10.0,24.14
6.63,46,5.93,25,119.74,93.29,82.48,10.0,35.64
6.74,56,7.81,31,181.19,76.77,80.95,10.0,32.93
7.09,66,6.58,34,191.43,76.83,72.83,10.0,26.8
6.71,55,5.21,30,122.81,79.08,80.34,10.0,33.53
8.93,72,5.64,30,131.49,76.43,83.24,10.0,25.07
11.42,91,7.32,53,270.07,76.58,76.97,10.0,27.36
5.89,39,5.62,18,103.05,88.52,80.99,10.0,31.88
4.26,40,6.76,12,113.19,87.53,79.82,10.0,31.48
6.82,51,6.55,11,84.19,74.18,80.79,10.0,24.83
12.16,99,5.72,65,282.13,65.83,64.29,10.0,11.82
5.39,35,9.07,8,76.91,88.9,85.75,10.0,47.73
10.28,76,7.26,48,237.77,84.31,85.41,10.0,32.63
10.36,90,4.07,48,217.89,60.44,71.35,10.0,15.05
5.89,45,6.72,12,95.13,87.67,82.12,10.0,32.6
8.14,72,5.71,32,158.69,76.04,74.99,10.0,29.55
10.26,81,,51,235.98,78.72,82.92,10.0,26.29
6.24,40,5.55,26,134.25,78.1,77.78,10.0,28.56
6.59,57,6.36,45,155.98,75.33,75.43,10.0,27.82
5.84,43,7.11,28,181.86,86.29,87.84,10.0,36.61
4.97,43,7.54,16,57.45,88.41,88.76,10.0,44.74
5.7,45,5.06,32,168.25,83.58,74.29,10.0,24.91
4.55,28,6.1,23,98.73,83.03,83.04,10.0,30.0
7.07,57,5.93,26,121.47,74.72,82.52,10.0,28.64
5.46,54,5.72,11,74.75,72.72,83.4,10.0,29.24
7.47,62,8.62,31,151.15,86.4,76.25,10.0,46.82
3.89,30,6.99,12,109.3,88.31,87.18,10.0,42.18
7.66,66,4.99,34,157.07,69.82,74.51,10.0,20.43
8.67,70,7.6,46,227.34,75.18,79.62,10.0,26.88
3.01,25,9.05,7,19.73,89.73,100.0,10.0,45.48
7.75,56,7.74,37,162.35,72.57,84.28,10.0,29.58
9.46,76,4.68,34,160.99,66.35,,10.0,18.28
4.58,41,5.92,22,107.1,77.01,69.03,10.0,33.1
10.35,78,8.02,44,243.85,73.29,88.93,10.0,34.7
7.84,69,5.65,26,151.98,71.93,72.04,10.0,24.33
5.59,44,7.03,13,39.26,74.75,78.39,10.0,32.32
6.89,50,7.43,37,150.63,91.2,80.69,10.0,36.39
8.12,69,5.39,35,183.55,80.8,84.8,10.0,25.48
7.15,55,6.43,32,162.32,74.66,84.02,10.0,35.19
8.08,68,3.0,36,206.7,71.21,,10.0,14.12
5.16,39,5.27,21,76.2,82.31,80.81,10.0,29.98
7.34,58,,38,174.52,83.67,76.48,10.0,22.09
4.17,35,5.0,34,123.4,77.57,78.65,10.0,27.89
6.78,55,8.46,13,88.97,88.82,,10.0,43.32
5.19,31,4.78,21,118.63,76.44,82.43,10.0,24.77
5.53,38,5.97,21,100.98,74.21,85.1,10.0,29.09
9.47,80,6.66,42,196.47,77.99,82.51,10.0,30.11
9.18,72,8.23,39,203.27,84.55,81.26,10.0,29.51
8.22,63,4.78,27,157.97,86.06,80.63,10.0,28.66
4.82,31,7.9,20,80.85,80.16,83.98,10.0,37.34
6.37,45,6.51,30,134.74,83.78,75.37,10.0,29.83
9.43,65,5.32,28,165.33,69.74,75.87,10.0,17.8
7.28,57,7.05,30,120.38,83.46,82.53,10.0,34.38
11.64,90,6.74,58,264.79,62.85,83.62,10.0,29.2
7.79,57,5.78,26,129.06,69.67,78.49,10.0,27.6
7.38,58,6.58,35,175.06,74.52,74.2,10.0,25.0
6.38,52,6.04,32,147.89,79.71,79.89,10.0,33.18
7.27,68,6.64,15,100.83,75.53,82.16,10.0,30.13
6.7,46,7.29,24,120.27,84.49,83.51,10.0,39.55
8.42,73,8.4,31,212.56,85.11,87.86,10.0,39.97
8.91,76,5.01,35,157.75,75.2,82.49,10.0,14.43
5.43,39,9.06,12,100.06,95.36,83.48,10.0,41.99
4.34,35,4.16,28,104.95,81.72,73.49,10.0,28.42
3.33,24,6.32,17,93.38,79.9,75.88,10.0,34.51
8.02,65,7.21,31,160.79,85.2,85.23,10.0,30.72
4.79,45,6.84,13,82.73,81.06,89.54,10.0,35.81
2.69,24,5.75,18,99.25,90.67,78.28,10.0,30.11
7.78,64,6.25,50,215.49,84.81,77.7,10.0,28.04
11.99,93,5.91,43,281.07,70.13,84.47,10.0,27.97
6.99,48,5.79,36,149.3,70.13,81.62,10.0,29.04
8.68,68,7.52,33,157.97,73.09,84.59,10.0,37.83
7.16,63,6.93,19,125.52,86.14,75.81,10.0,35.07
6.8,46,5.67,26,158.52,,82.09,10.0,31.52
8.84,65,7.58,48,198.15,77.88,77.21,10.0,35.53
6.42,51,6.87,30,176.86,,75.12,10.0,33.25
7.53,55,7.48,29,177.74,83.36,80.25,10.0,33.11
7.64,57,7.26,28,115.42,80.62,79.66,10.0,35.33
5.66,43,5.51,31,150.5,78.64,77.39,10.0,32.61
8.98,65,5.83,27,158.72,72.12,71.81,10.0,21.29
6.65,48,7.4,26,128.13,85.78,87.45,10.0,34.77
5.49,47,7.23,19,122.76,86.26,88.06,10.0,38.84
8.07,58,6.47,51,229.4,75.52,69.39,10.0,27.13
5.2,33,6.64,45,202.56,88.29,84.8,10.0,37.68
7.06,53,8.03,35,166.39,81.31,79.24,10.0,30.68
6.98,59,5.79,30,141.12,73.36,83.51,10.0,33.78
9.17,72,7.16,50,208.64,72.17,80.49,10.0,25.6
7.95,61,6.26,38,193.57,71.72,79.43,10.0,25.74
6.95,55,6.24,21,136.33,77.22,79.28,10.0,26.88
8.64,60,7.82,49,235.2,84.53,87.78,10.0,42.59
9.78,80,7.49,52,212.29,71.39,75.24,10.0,26.95
8.12,66,7.48,31,185.36,79.66,84.9,10.0,30.75
7.02,54,8.07,31,167.41,78.81,88.85,10.0,39.79
4.38,40,6.53,22,104.55,83.0,84.89,10.0,38.35
4.87,33,7.32,25,127.43,77.35,94.14,10.0,38.3
6.39,56,6.13,18,115.66,78.37,77.68,10.0,32.43
5.78,47,6.89,26,104.65,81.25,86.82,10.0,32.91
6.63,51,6.34,32,106.14,82.14,80.39,10.0,29.53
7.11,56,6.62,33,162.56,80.12,86.69,10.0,26.33
8.06,63,7.21,34,192.62,72.32,81.18,10.0,26.06
6.86,60,5.52,23,157.77,82.74,76.47,10.0,33.26
7.97,58,9.01,44,217.67,83.13,90.92,10.0,44.55
7.13,53,5.29,35,149.54,77.32,75.64,10.0,25.14
3.05,29,5.04,19,84.09,83.94,71.62,10.0,35.2
5.12,37,7.89,14,74.8,82.95,81.95,10.0,38.42
6.71,58,7.45,22,129.34,82.57,85.84,10.0,35.44
4.58,45,7.25,17,117.06,87.71,89.51,10.0,40.49
8.2,63,7.25,43,197.67,69.37,81.77,10.0,28.71
10.06,83,6.49,45,202.47,70.15,86.19,10.0,25.06
9.44,69,5.42,31,196.04,70.7,70.79,10.0,23.66
6.57,56,6.59,26,92.5,81.32,79.42,10.0,32.15
9.98,80,5.69,42,198.9,77.38,76.62,10.0,24.75
7.3,60,7.67,42,179.96,76.89,81.77,10.0,36.07
6.33,47,6.32,23,150.1,77.51,80.57,10.0,32.04
5.77,37,5.51,20,136.26,76.91,82.2,10.0,26.62
6.4,53,6.11,26,135.79,75.43,77.74,10.0,24.83
6.22,39,7.0,28,130.91,79.81,82.5,10.0,34.15
7.34,57,5.82,35,134.35,80.82,79.18,10.0,27.36
7.32,63,5.51,38,174.71,71.12,73.49,10.0,23.71
7.01,57,6.79,30,159.76,81.71,80.35,10.0,31.85
7.87,72,6.79,30,180.11,69.33,79.87,10.0,36.02
9.38,80,5.89,42,181.23,70.21,77.94,10.0,18.85
8.9,67,5.93,19,122.28,72.42,,10.0,19.69
4.03,32,6.78,31,117.55,93.87,81.98,10.0,39.21
1.89,14,4.76,3,25.37,84.37,76.94,10.0,31.85
8.87,63,4.81,40,160.36,60.88,83.31,10.0,20.74
4.27,29,5.64,25,110.4,72.75,73.59,10.0,30.24
6.55,49,6.24,24,125.8,79.56,76.79,10.0,33.63
4.66,27,6.87,23,129.65,87.5,95.49,10.0,35.73
3.4,27,8.27,16,89.83,91.63,79.85,10.0,41.55
8.08,63,7.53,40,190.25,79.73,75.12,10.0,31.9
8.52,59,6.31,27,137.91,81.39,83.99,10.0,31.94
5.85,48,6.48,28,159.14,78.56,69.92,10.0,35.79
1.82,18,5.3,8,46.01,91.43,78.65,10.0,39.13
5.91,48,6.48,22,112.98,72.98,91.8,10.0,33.62
7.78,60,6.15,22,167.76,72.22,71.79,10.0,22.74
4.04,35,6.89,8,31.6,76.65,73.34,10.0,32.38
7.37,62,5.51,28,166.96,74.91,70.74,10.0,22.17
6.97,57,7.12,17,115.48,80.08,86.81,10.0,36.84
8.16,61,,17,130.75,80.93,90.12,10.0,38.87
7.24,59,6.37,12,106.35,78.57,78.4,10.0,26.17
5.05,46,6.98,21,139.51,79.22,85.05,10.0,34.63
9.39,72,7.33,32,178.38,74.92,88.63,10.0,33.89
6.68,63,6.02,47,186.35,71.18,87.87,10.0,29.94
6.95,52,6.77,23,129.78,86.46,80.14,10.0,34.86
5.13,41,6.52,12,56.58,81.25,70.58,10.0,32.83
6.11,45,6.62,20,94.89,78.56,77.55,10.0,36.49
5.23,42,5.57,30,146.91,88.63,76.56,10.0,31.52
6.65,44,6.53,26,135.06,73.54,79.51,10.0,28.73
10.42,80,7.1,34,202.44,67.72,79.88,10.0,22.85
4.26,28,8.24,26,94.18,82.49,90.51,10.0,43.19
3.77,30,7.65,27,94.28,87.42,90.1,10.0,34.76
9.94,84,9.08,40,242.31,80.44,83.27,10.0,34.67
6.58,55,5.58,31,181.66,81.69,83.62,10.0,28.92
5.66,33,7.55,20,108.11,96.63,85.08,10.0,36.35
9.08,82,6.72,25,150.89,64.03,81.25,10.0,23.35
5.79,47,9.13,24,109.16,89.72,90.97,10.0,47.35
10.65,81,5.53,42,231.5,66.97,77.56,10.0,20.18
8.36,67,5.49,40,146.56,71.34,88.83,10.0,26.23
6.02,49,5.78,25,97.79,76.41,72.74,10.0,28.25
11.31,87,3.95,50,247.92,60.73,71.19,10.0,11.0
5.79,47,5.87,29,120.1,88.58,79.1,10.0,35.43
8.48,64,5.59,41,179.15,78.42,80.39,10.0,25.69
7.6,58,6.68,24,136.82,78.28,87.42,10.0,27.86
9.6,73,6.91,34,194.76,81.37,80.45,10.0,33.78
10.12,73,8.75,37,184.86,69.69,77.31,10.0,31.63
7.06,57,7.64,39,175.05,74.5,86.58,10.0,32.27
5.49,46,5.81,29,146.41,69.74,82.95,10.0,25.31
7.92,65,5.42,14,110.93,71.51,69.29,10.0,23.87
5.64,49,7.09,14,90.65,83.7,82.65,10.0,35.85
11.03,89,4.92,36,186.67,68.29,68.77,10.0,20.29
7.27,55,8.7,26,133.23,83.6,81.85,10.0,37.21
6.27,54,7.92,35,129.15,76.24,79.16,10.0,32.0
7.37,52,5.94,15,111.27,81.15,84.07,10.0,33.15
4.31,29,,15,62.76,81.48,78.43,10.0,31.09
5.06,35,8.12,22,76.07,89.8,78.55,10.0,40.31
9.4,80,6.36,52,203.64,64.46,83.73,10.0,26.06
5.69,50,7.99,22,121.49,86.16,76.78,10.0,37.35
4.91,41,4.59,18,81.38,73.42,79.47,10.0,27.23
8.07,69,5.78,37,174.84,73.43,74.58,10.0,27.63
9.37,70,6.51,37,180.4,76.94,78.18,10.0,28.23
8.44,69,6.56,33,169.05,76.69,82.82,10.0,28.43
8.99,71,5.96,49,239.04,69.68,80.54,10.0,27.77
5.49,48,7.25,18,155.43,83.55,88.59,10.0,31.02
4.16,32,5.22,13,48.3,74.47,79.22,10.0,35.87
10.0,78,6.33,47,234.95,,80.27,10.0,20.27
6.35,53,6.64,30,157.79,79.55,78.47,10.0,29.45
6.5,56,7.12,30,102.02,86.83,83.44,10.0,35.16
9.66,73,7.35,42,227.35,72.76,83.12,10.0,28.27
8.11,64,5.15,41,216.5,71.46,76.2,10.0,25.03
7.91,58,4.66,36,132.47,,68.09,10.0,15.47
11.33,78,8.03,37,210.41,77.79,84.22,10.0,31.05
5.71,46,6.9,27,150.5,78.82,83.11,10.0,32.3
8.86,73,5.6,38,194.11,76.72,74.57,10.0,24.15
7.11,58,8.36,37,165.94,80.58,77.54,10.0,35.0
7.54,50,6.64,34,168.5,68.32,87.85,10.0,30.08
10.06,78,7.92,38,222.92,72.86,84.57,10.0,28.84
8.02,53,6.58,23,128.53,,79.87,10.0,26.66
8.08,71,8.97,37,201.03,81.96,78.91,10.0,37.36
9.15,67,8.61,45,227.13,72.97,79.32,10.0,34.85
6.27,56,6.2,27,124.79,84.49,86.84,10.0,31.54
5.32,47,7.67,24,110.45,84.23,84.18,10.0,35.7
4.91,34,7.27,2,57.18,83.84,80.84,10.0,39.65
3.07,18,8.14,21,79.84,93.43,87.5,10.0,45.16
11.11,90,5.34,51,250.52,73.28,72.44,10.0,20.4
4.79,34,7.32,26,98.8,84.96,90.5,10.0,36.82
6.56,52,7.77,36,171.44,78.57,89.45,10.0,31.38
6.45,49,4.39,30,125.35,67.02,74.36,10.0,19.33
7.61,52,5.08,37,176.85,71.5,74.07,10.0,19.77
8.63,57,4.05,36,150.67,67.76,62.5,10.0,13.94
8.72,70,6.18,39,182.43,75.45,71.9,10.0,22.27
5.83,43,7.36,22,117.28,81.33,76.07,10.0,36.49
6.67,50,8.3,40,146.74,,84.84,10.0,37.6
7.57,64,6.59,34,147.78,74.98,79.08,10.0,29.21
6.5,57,8.45,29,132.61,83.62,77.97,10.0,37.8
10.21,80,4.84,41,239.29,75.18,74.29,10.0,19.42
7.98,62,4.46,24,154.52,74.66,78.86,10.0,22.16
8.47,70,6.43,27,129.67,75.63,83.34,10.0,30.28
8.33,59,6.96,46,227.33,74.26,70.63,10.0,23.72
9.35,75,6.46,44,237.73,,78.32,10.0,28.96
7.36,61,4.02,23,115.84,69.06,69.19,10.0,17.47
4.41,38,6.39,30,113.22,81.27,85.41,10.0,31.06
7.8,52,4.93,33,148.7,78.05,81.31,10.0,25.3
5.7,41,7.3,19,127.55,82.1,77.99,10.0,32.49
5.94,43,6.94,26,133.62,75.25,77.82,10.0,33.89
8.17,65,5.37,28,164.6,83.24,75.69,10.0,32.11
9.48,78,5.88,33,175.49,74.41,67.58,10.0,19.05
7.04,63,5.23,23,127.18,69.34,80.02,10.0,25.96
7.62,58,6.42,24,132.49,,79.28,10.0,23.57
10.4,80,7.65,32,193.54,75.04,86.92,10.0,31.95
7.48,65,5.32,30,155.1,84.19,72.56,10.0,22.79
12.2,99,7.1,44,234.8,64.26,77.2,10.0,19.75
8.13,71,5.86,23,191.21,80.35,71.01,10.0,22.2
3.48,29,5.55,33,117.67,91.14,74.11,10.0,34.77
8.51,62,6.37,37,161.24,72.59,74.15,10.0,28.13
7.76,55,5.26,32,170.19,73.6,82.66,10.0,25.31
9.58,68,5.84,43,216.16,67.33,74.58,10.0,18.38
8.35,70,5.06,32,189.43,72.42,77.59,10.0,27.22
6.72,59,8.86,37,143.46,84.09,83.42,10.0,37.08
4.55,45,6.54,33,117.86,87.28,74.77,10.0,27.18
6.58,56,5.66,31,152.69,83.61,77.93,10.0,30.11
5.3,48,6.76,19,74.15,79.18,85.27,10.0,31.8
5.84,43,6.37,30,148.69,71.22,74.21,10.0,31.35
8.18,59,6.23,32,198.34,76.01,83.21,10.0,27.15
10.34,86,7.24,36,194.24,75.26,76.99,10.0,28.61
7.79,64,7.41,33,164.71,80.49,79.66,10.0,36.45
4.61,37,5.86,21,117.27,80.88,82.43,10.0,29.17
7.89,65,5.81,30,159.39,76.46,75.64,10.0,23.97
9.39,76,6.17,45,229.45,81.13,78.7,10.0,25.66
5.78,52,3.74,38,192.31,77.82,72.7,10.0,25.73
6.73,60,4.68,23,117.79,74.03,78.05,10.0,22.16
7.03,58,8.14,15,106.19,79.72,72.61,10.0,32.55
5.43,47,8.47,21,123.15,85.24,75.75,10.0,40.27
8.3,68,6.2,32,195.87,,82.22,10.0,27.67
6.76,51,7.19,31,134.99,,87.32,10.0,35.19
7.84,66,6.87,31,208.22,77.97,75.72,10.0,24.53
5.23,34,10.0,19,69.57,87.14,87.62,10.0,53.76
6.13,54,7.84,36,149.41,88.93,84.67,10.0,34.29
8.44,61,6.35,30,159.16,85.6,83.51,10.0,29.44
6.25,51,5.35,23,182.92,80.45,67.52,10.0,25.28
10.45,79,4.57,54,279.31,68.65,70.06,10.0,20.46
6.2,52,6.74,21,107.22,81.27,80.04,10.0,29.03
7.45,59,5.59,22,139.95,64.36,82.37,10.0,31.15
8.87,62,4.79,39,211.96,75.58,88.55,10.0,26.32
4.16,35,5.72,22,75.81,83.79,79.04,10.0,33.85
3.48,24,5.2,17,71.68,85.59,72.17,10.0,27.79
3.95,35,8.52,12,83.68,85.59,87.67,10.0,45.98
9.53,76,7.56,20,142.44,74.14,89.35,10.0,30.24
5.9,49,6.49,23,123.41,79.13,,10.0,36.24
12.12,92,8.28,45,233.75,77.43,78.12,10.0,25.14
5.87,44,,24,108.51,79.55,86.17,10.0,33.64
7.37,56,5.47,36,198.06,86.61,80.95,10.0,26.65
10.08,84,8.33,37,174.07,78.64,78.62,10.0,28.45
11.01,96,7.15,60,255.65,65.89,81.94,10.0,26.11
11.12,84,5.26,49,225.21,67.62,81.74,10.0,20.53
9.42,80,6.27,37,189.36,70.45,85.3,10.0,29.71
9.05,61,5.45,41,213.72,61.83,77.0,10.0,14.72
8.19,59,4.84,34,182.09,81.31,74.86,10.0,26.17
8.56,63,7.61,45,196.81,81.63,88.08,10.0,41.18
5.9,40,8.79,27,152.9,88.45,78.98,10.0,39.03
5.36,34,,20,102.7,79.74,80.12,10.0,33.69
6.99,58,7.18,25,128.49,73.45,75.36,10.0,29.63
6.66,52,5.72,18,107.3,75.7,84.98,10.0,25.53
6.09,50,5.92,13,103.2,83.85,78.82,10.0,30.34
8.39,70,5.79,54,264.72,69.54,83.51,10.0,27.53
8.91,72,5.46,44,224.46,60.45,79.64,10.0,17.98
7.18,60,6.56,24,110.18,77.63,75.16,10.0,27.38
9.96,79,5.5,31,169.38,70.39,85.31,10.0,25.2
4.72,31,6.82,28,113.51,84.89,89.51,10.0,37.78
6.61,58,6.44,26,155.28,83.3,84.7,10.0,34.67
5.57,41,6.21,35,133.36,84.48,76.4,10.0,31.92
3.27,21,5.41,3,60.96,85.58,78.28,10.0,35.29
6.83,53,5.81,30,139.76,83.92,80.01,10.0,28.21
6.76,49,7.41,32,151.72,73.71,78.77,10.0,32.64
10.03,78,7.1,38,213.14,76.67,89.11,10.0,27.2
8.26,67,5.33,23,106.92,77.26,79.59,10.0,29.13
4.95,41,6.62,25,97.09,77.14,68.1,10.0,28.22
10.71,81,7.4,28,199.33,65.87,83.18,10.0,30.31
9.44,73,4.5,43,203.54,66.38,73.86,10.0,16.05
8.16,70,7.15,39,261.01,74.67,79.58,10.0,30.14
6.55,54,5.7,24,148.51,82.08,77.09,10.0,27.26
5.08,51,7.18,27,97.3,81.13,86.78,10.0,33.98
6.26,55,5.58,28,159.02,74.38,84.12,10.0,23.52
9.18,79,4.33,35,207.21,67.26,76.63,10.0,14.68
10.77,79,4.55,46,238.76,73.15,73.42,10.0,15.43
10.09,84,6.56,56,230.02,73.01,79.08,10.0,24.78
6.02,47,6.81,28,188.16,80.68,80.59,10.0,36.12
4.76,35,5.41,7,66.05,80.76,75.72,10.0,28.93
7.28,59,7.27,40,167.13,86.43,84.64,10.0,31.86
3.46,32,4.51,18,44.93,78.34,80.56,10.0,24.94
7.65,63,6.42,34,177.24,84.13,87.59,10.0,33.55
6.7,49,5.05,16,113.24,77.74,84.48,10.0,32.11
6.07,52,5.72,33,114.91,78.5,76.09,10.0,31.74
3.81,27,6.56,22,71.17,98.0,86.03,10.0,42.23
8.03,65,5.47,42,197.85,69.6,72.88,10.0,23.73
5.93,45,6.04,26,152.18,78.44,83.02,10.0,36.23
4.66,36,7.71,11,60.49,79.93,81.82,10.0,39.42
1.26,13,5.81,4,28.01,93.87,76.03,10.0,40.44
6.94,50,7.5,26,124.56,89.56,84.33,10.0,35.91
10.54,94,5.14,43,183.68,77.55,63.85,10.0,13.02
10.32,73,7.14,46,210.26,79.75,72.01,10.0,23.62
6.09,45,8.23,18,118.55,,83.6,10.0,39.02
5.8,48,3.53,45,194.51,73.65,74.24,10.0,19.87
7.94,66,5.54,37,179.68,66.86,76.25,10.0,28.47
5.0,39,7.19,16,63.74,94.56,75.43,10.0,37.79
7.6,60,6.26,35,142.73,79.65,76.04,10.0,31.37
8.53,70,6.95,36,209.82,74.37,82.35,10.0,27.95
9.45,74,5.78,52,261.18,79.28,80.11,10.0,23.33
6.8,61,6.6,16,95.21,74.74,81.54,10.0,27.2
6.59,56,6.31,8,82.05,81.47,87.04,10.0,31.46
5.24,46,7.9,34,166.25,84.45,85.02,10.0,40.44
5.35,37,6.81,37,123.96,,77.81,10.0,33.85
6.55,51,6.91,13,111.44,80.4,80.55,10.0,36.25
7.73,60,6.01,35,178.47,69.29,72.02,10.0,24.39
8.83,65,5.91,24,106.3,74.55,79.52,10.0,24.68
5.39,44,5.98,23,113.37,86.42,85.63,10.0,40.46
9.99,77,6.97,43,219.53,73.83,83.71,10.0,27.2
6.46,54,5.99,26,163.34,82.95,86.28,10.0,35.58
6.96,50,6.85,24,115.69,74.55,80.25,10.0,29.76
5.51,52,8.99,19,118.19,86.84,92.74,10.0,47.1
2.15,12,7.55,0,17.42,87.67,83.83,10.0,46.33
8.77,71,6.11,44,191.79,78.42,86.38,10.0,28.51
8.47,71,7.94,35,151.09,79.09,83.26,10.0,26.47
6.44,48,6.01,24,122.94,82.6,83.51,10.0,31.56
7.13,61,4.05,25,119.94,79.28,83.49,10.0,27.77
8.03,58,5.29,43,188.2,77.97,76.48,10.0,25.38
3.87,38,4.26,22,107.13,82.13,77.82,10.0,29.23
5.94,47,6.08,28,117.74,75.28,86.64,10.0,26.25
8.59,65,6.52,34,181.51,75.85,79.35,10.0,25.41
4.49,34,8.51,16,50.86,85.38,79.57,10.0,42.55
7.59,64,6.89,31,150.34,76.89,91.99,10.0,34.63
4.29,31,6.24,18,88.52,82.03,78.65,10.0,37.38
7.93,59,7.5,42,245.21,74.23,81.7,10.0,30.7
6.93,54,3.85,23,112.14,64.05,81.6,10.0,21.5
3.77,24,6.78,20,123.09,82.69,78.47,10.0,36.03
9.33,83,7.43,41,225.82,77.16,76.05,10.0,25.51
5.53,41,4.73,20,124.57,71.65,78.64,10.0,18.76
5.38,47,7.87,27,165.73,85.06,74.02,10.0,37.62
7.4,60,6.91,43,166.59,88.51,79.6,10.0,32.81
9.3,69,6.0,48,206.92,78.52,79.78,10.0,23.24
4.97,39,7.26,30,102.74,92.8,81.46,10.0,33.38
7.12,60,9.22,31,186.3,86.16,77.63,10.0,41.1
7.86,61,6.72,39,197.9,83.56,88.11,10.0,31.72
8.39,73,6.8,25,157.34,73.2,81.49,10.0,30.76
7.35,63,5.95,19,114.83,73.97,87.14,10.0,35.24
6.27,54,5.48,20,125.5,64.73,77.57,10.0,18.84
5.34,40,7.5,23,88.24,90.23,79.12,10.0,35.65
7.17,51,5.47,27,148.71,84.3,79.81,10.0,27.65
4.86,35,6.59,33,139.09,80.69,79.77,10.0,37.73
1.16,10,5.93,5,10.58,88.27,75.79,10.0,32.83
7.87,65,7.07,44,164.05,74.63,88.76,10.0,37.5
8.81,59,6.9,29,186.71,78.1,77.58,10.0,29.1
2.27,18,7.75,20,73.21,96.57,75.07,10.0,42.3
4.98,40,5.89,13,37.18,73.1,87.8,10.0,32.01
8.24,64,6.18,26,154.8,77.92,77.25,10.0,25.93
11.11,95,5.33,52,239.75,67.04,73.62,10.0,19.99
7.04,58,5.97,38,183.88,78.42,70.04,10.0,22.54
5.54,50,6.95,19,101.67,85.11,90.92,10.0,39.04
6.63,51,7.41,12,83.02,80.61,76.99,10.0,32.88
9.75,82,5.39,41,223.34,70.77,77.36,10.0,18.64
5.71,53,7.54,30,100.81,82.6,87.97,10.0,45.55
5.4,49,8.13,15,77.74,90.3,87.07,10.0,43.23
6.03,42,7.0,25,107.99,84.02,81.89,10.0,36.61
5.09,39,8.75,16,101.42,88.42,77.31,10.0,44.77
7.25,56,5.57,22,134.01,70.3,74.86,10.0,20.43
10.25,84,5.01,35,149.07,67.62,78.47,10.0,24.37
7.65,64,4.37,30,187.48,77.93,71.67,10.0,13.4
6.5,47,8.3,32,174.65,83.79,84.7,10.0,36.12
6.42,51,7.29,31,154.29,85.04,85.41,10.0,34.59
3.87,20,6.43,9,47.22,93.95,86.89,10.0,41.46
8.77,77,6.84,34,178.05,81.33,74.57,10.0,28.85
6.84,52,5.15,30,143.54,77.08,88.89,10.0,27.87
6.64,53,9.43,34,157.38,83.04,90.08,10.0,42.73
13.39,105,6.66,63,301.16,53.77,78.28,10.0,13.14
7.6,66,6.63,22,137.52,77.23,86.42,10.0,27.23
5.5,29,7.37,22,117.88,,94.6,10.0,41.67
6.15,49,7.08,34,142.81,83.81,74.58,10.0,34.64
9.3,73,6.77,52,238.91,74.17,78.43,10.0,30.75
7.23,55,5.55,27,172.89,75.05,66.33,10.0,20.85
4.12,41,7.07,23,110.26,76.99,83.26,10.0,38.39
8.84,66,8.76,27,188.12,75.14,86.21,10.0,35.05
5.66,49,8.11,32,161.25,87.28,83.35,10.0,42.81
10.75,87,8.41,57,237.97,83.91,79.58,10.0,34.23
9.16,79,5.89,28,166.53,72.97,68.75,10.0,22.68
6.11,45,5.31,29,170.31,80.05,79.65,10.0,27.07
9.56,72,6.35,48,221.74,78.34,86.28,10.0,30.29
7.14,62,6.57,19,136.56,74.81,77.9,10.0,31.57
8.71,71,7.81,30,168.43,80.05,85.02,10.0,31.7
7.97,56,4.47,38,176.26,69.3,68.16,10.0,13.86
5.31,39,8.34,21,125.35,90.38,86.87,10.0,41.52
5.71,47,6.31,23,125.89,81.95,78.56,10.0,36.5
9.06,76,5.99,43,199.6,75.35,74.84,10.0,27.16
6.33,47,5.29,38,183.94,74.0,73.7,10.0,21.25
6.19,34,4.51,33,162.19,80.18,74.36,10.0,20.58
5.09,43,7.49,20,112.6,95.22,85.01,10.0,44.48
7.85,56,6.59,40,193.03,72.44,73.4,10.0,22.78
11.13,78,4.95,39,202.65,65.96,74.54,10.0,17.91
4.86,24,4.95,25,114.1,81.32,77.78,10.0,26.61
7.05,60,6.1,37,202.3,82.03,73.33,10.0,32.57
9.82,79,8.5,39,199.77,74.56,92.66,10.0,32.53
6.84,53,6.19,18,118.23,64.53,76.14,10.0,29.83
7.9,70,4.7,29,146.44,80.38,73.6,10.0,23.18
4.88,42,6.21,9,69.69,86.46,76.36,10.0,34.45
7.86,70,6.17,22,141.45,67.92,88.98,10.0,22.91
6.63,46,3.26,26,128.02,70.24,77.16,10.0,12.27
8.97,71,6.43,30,146.23,82.77,75.75,10.0,26.87
9.37,66,6.22,43,197.34,80.94,84.69,10.0,28.37
12.18,96,7.34,54,282.83,75.01,80.96,10.0,21.56
8.16,64,8.72,30,144.11,80.24,86.32,10.0,34.23
7.65,64,7.85,44,206.26,80.82,,10.0,35.16
7.39,59,6.18,36,170.49,76.92,75.77,10.0,28.88
6.29,53,5.17,28,163.08,83.4,79.32,10.0,27.66
7.68,64,9.59,29,141.48,79.44,84.09,10.0,42.35
6.41,62,6.57,33,160.23,76.29,89.56,10.0,29.5
7.34,57,6.52,24,121.32,83.41,74.67,10.0,28.83
9.64,72,6.47,35,229.05,,86.81,10.0,32.44
4.99,41,6.74,22,109.88,90.39,81.09,10.0,36.68
9.28,70,6.33,53,211.47,70.74,80.62,10.0,24.88
9.63,84,5.81,31,167.05,72.08,83.0,10.0,31.41
6.76,52,5.84,19,115.19,73.55,76.62,10.0,23.13
2.76,19,6.46,17,75.8,87.45,85.98,10.0,41.6
5.78,43,5.85,20,93.02,72.73,66.61,10.0,30.79
9.59,80,5.64,49,215.37,69.66,74.1,10.0,19.45
6.95,54,6.63,14,105.03,72.17,76.88,10.0,32.07
5.0,36,6.19,29,130.47,85.85,73.95,10.0,28.84
5.99,56,8.3,20,88.82,88.21,84.05,10.0,38.32
8.68,65,3.32,39,198.88,60.62,75.25,10.0,14.68
8.09,64,7.81,39,188.73,86.1,85.99,10.0,37.88
6.52,55,,28,116.06,,85.26,10.0,43.52
6.27,41,4.01,34,149.05,75.72,72.21,10.0,25.72
6.22,52,6.09,21,138.36,76.54,81.72,10.0,30.29
5.16,35,6.05,22,92.09,95.92,81.2,10.0,38.94
10.23,85,4.81,36,184.59,62.57,81.23,10.0,17.15
6.36,46,5.57,15,74.58,78.52,83.77,10.0,32.68
9.43,78,5.17,42,208.61,72.36,77.01,10.0,21.43
10.04,85,8.6,32,163.95,83.85,79.99,10.0,35.26
9.0,76,7.62,44,191.79,79.05,78.78,10.0,31.65
6.14,50,8.03,23,120.97,81.29,81.29,10.0,32.33
7.81,61,7.37,31,184.33,74.36,80.08,10.0,27.7
6.95,52,5.15,25,136.92,74.68,79.35,10.0,25.92
5.19,48,5.87,20,99.16,76.32,83.66,10.0,26.5
7.65,57,7.09,42,182.58,79.12,80.88,10.0,33.52
4.64,31,5.03,24,107.53,77.96,78.36,10.0,31.13
9.38,78,7.36,37,206.37,68.49,81.99,10.0,29.14
6.07,44,6.21,40,141.56,86.56,77.48,10.0,27.67
7.4,54,6.05,23,109.38,74.81,75.65,10.0,31.13
7.57,53,7.35,42,181.6,73.23,72.9,10.0,34.86
6.48,49,7.03,30,154.5,80.26,78.02,10.0,32.82
8.17,64,6.07,30,141.14,76.13,82.15,10.0,29.19
6.05,49,7.89,28,119.73,74.95,80.27,10.0,35.68
8.74,74,5.2,42,182.42,74.58,76.18,10.0,23.57
4.31,37,7.24,22,86.43,80.63,85.37,10.0,37.56
7.25,57,7.21,36,162.32,88.47,84.32,10.0,34.8
10.88,86,6.13,52,271.38,73.12,72.34,10.0,23.16
5.0,42,6.89,24,137.44,81.78,86.48,10.0,43.49
5.64,51,5.0,17,79.17,74.98,84.31,10.0,24.25
8.03,64,7.61,42,187.25,78.64,76.45,10.0,30.62
7.36,56,6.28,37,194.41,80.9,75.2,10.0,24.59
7.7,56,5.87,39,173.33,76.22,84.81,10.0,32.65
7.98,56,7.76,47,200.28,78.48,81.45,10.0,30.65
8.27,69,5.65,42,234.03,75.06,66.31,10.0,17.2
9.22,76,4.81,40,224.32,68.16,68.88,10.0,19.13
7.82,65,4.63,33,171.69,71.91,75.16,10.0,26.27
6.52,51,7.23,35,168.22,70.99,75.84,10.0,32.26
8.35,73,4.96,33,179.59,,74.87,10.0,23.18
10.8,83,8.61,52,227.51,77.11,83.58,10.0,32.8
6.73,58,4.0,28,130.89,70.67,83.13,10.0,26.68
5.05,40,8.54,30,152.97,96.46,83.07,10.0,40.48
9.21,70,6.75,26,168.94,75.51,86.05,10.0,29.18
6.76,57,6.38,31,187.92,74.07,86.78,10.0,29.64
2.65,23,5.85,15,70.74,90.67,87.68,10.0,35.15
8.69,71,6.98,17,140.61,78.56,83.04,10.0,30.14
5.93,47,6.45,32,135.55,83.02,70.83,10.0,33.29
6.82,54,7.82,15,80.2,79.88,86.62,10.0,38.87
7.66,73,6.64,52,179.71,80.2,85.52,10.0,32.47
7.38,64,6.68,47,181.56,77.29,79.93,10.0,29.71
8.42,70,6.06,30,159.03,78.07,88.2,10.0,30.82
6.13,49,6.43,25,132.42,71.08,84.96,10.0,28.74
8.03,69,6.87,50,227.18,75.52,82.79,10.0,28.35
6.48,54,4.45,32,120.93,84.54,82.31,10.0,27.03
8.48,67,4.88,21,146.26,68.97,78.99,10.0,22.8
8.23,64,7.39,34,217.3,75.3,68.7,10.0,28.79
5.13,40,6.71,30,166.59,80.91,78.14,10.0,32.76
9.17,57,6.28,41,192.72,68.14,85.33,10.0,24.61
5.93,48,6.52,33,154.83,70.15,76.43,10.0,38.41
8.62,66,,49,221.18,75.45,79.03,10.0,30.53
7.73,69,5.85,22,140.15,76.91,74.14,10.0,27.33
10.68,85,5.57,30,209.64,69.52,86.56,10.0,22.23
6.55,46,6.74,39,174.54,79.64,88.97,10.0,32.21
6.3,50,5.33,32,182.88,78.26,73.18,10.0,25.37
6.96,50,6.99,22,163.07,,82.0,10.0,34.93
6.39,53,4.46,22,107.87,75.17,73.71,10.0,17.42
8.6,70,7.73,52,240.21,75.4,84.54,10.0,26.79
3.77,34,7.07,12,63.19,85.19,85.63,10.0,37.62
4.89,35,6.81,16,92.69,86.73,86.13,10.0,38.25
4.86,39,7.68,21,112.42,92.69,85.14,10.0,40.26
8.9,64,8.5,44,233.54,76.06,97.78,10.0,41.71
10.42,86,7.72,42,244.47,75.09,76.22,10.0,23.17
6.79,56,4.29,27,155.06,76.69,67.44,10.0,18.32
6.66,55,4.96,33,153.81,71.64,75.4,10.0,27.99
7.14,57,5.75,31,151.25,77.32,71.14,10.0,25.78
9.32,76,6.53,43,212.54,67.09,72.06,10.0,25.34
5.15,49,7.12,1,32.16,75.11,78.7,10.0,40.99
7.48,58,5.63,28,148.11,78.14,74.18,10.0,23.61
8.95,72,6.72,28,195.2,73.63,75.42,10.0,26.32
8.0,58,5.59,27,133.52,76.19,81.55,10.0,25.64
7.38,54,5.77,40,166.55,76.68,76.23,10.0,19.97
9.0,72,4.81,29,182.91,66.74,75.68,10.0,18.52
1.59,18,5.39,14,86.13,87.37,83.82,10.0,39.64
8.36,65,4.88,46,222.66,66.88,72.21,10.0,20.36
5.69,44,5.33,27,105.55,86.23,77.58,10.0,31.3
3.34,24,7.76,10,65.59,82.07,,10.0,40.64
8.02,61,5.36,29,166.25,73.7,68.24,10.0,19.84
9.75,79,9.66,28,191.14,74.61,74.21,10.0,38.16
6.73,46,7.09,29,147.08,83.59,83.46,10.0,32.85
8.91,77,6.72,43,164.27,73.97,83.17,10.0,28.8
10.22,78,5.47,37,180.8,67.9,88.25,10.0,23.42
9.63,80,7.34,44,220.91,79.69,81.79,10.0,34.04
10.28,75,5.81,48,234.76,71.21,81.8,10.0,25.3
8.48,71,6.65,30,154.04,78.91,,10.0,25.09
7.15,60,9.57,31,177.03,79.94,87.68,10.0,37.93
3.8,32,6.38,16,60.77,78.15,90.09,10.0,38.69
6.51,47,,29,144.26,83.28,72.73,10.0,34.02
5.31,43,5.66,27,136.19,79.09,81.11,10.0,28.97
11.34,84,6.46,42,237.17,73.36,89.64,10.0,28.79
6.65,51,8.62,37,153.26,83.55,86.11,10.0,39.85
7.25,63,5.75,30,136.68,78.03,87.47,10.0,29.68
8.1,68,8.67,30,164.27,73.03,81.47,10.0,37.11
7.09,56,7.35,33,142.66,89.97,82.16,10.0,34.3
10.39,78,5.83,36,195.79,70.05,78.55,10.0,26.56
5.75,49,7.26,19,115.55,86.5,71.5,10.0,31.73
7.39,59,7.67,17,108.71,76.38,77.68,10.0,34.95
5.52,32,7.25,11,101.08,85.0,77.32,10.0,40.2
4.36,38,4.62,18,83.01,74.0,81.96,10.0,23.87
5.78,46,5.63,13,113.62,81.96,83.72,10.0,30.59
6.93,61,6.2,21,138.2,76.77,81.72,10.0,33.46
6.14,43,6.41,15,127.12,80.68,84.82,10.0,36.93
5.62,29,7.24,26,132.3,86.75,81.46,10.0,35.9
4.19,34,6.71,22,114.17,78.89,87.53,10.0,34.47
6.83,56,4.9,23,124.02,72.71,77.77,10.0,27.19
3.99,23,6.96,4,47.71,88.22,83.41,10.0,42.93
8.52,63,7.23,23,147.66,87.92,80.68,10.0,29.58
7.16,71,,29,135.85,79.32,85.5,10.0,30.1
4.08,31,7.8,12,75.23,90.38,82.23,10.0,42.2
6.38,54,7.5,23,110.91,81.7,88.04,10.0,38.93
5.5,40,7.05,10,76.53,92.82,77.17,10.0,36.02
7.64,50,6.42,30,146.72,68.82,74.89,10.0,28.11
9.68,76,4.51,48,208.74,70.12,78.97,10.0,16.14
3.25,24,7.02,20,86.09,79.4,82.15,10.0,31.22
7.23,55,6.75,24,135.11,66.51,78.98,10.0,27.15
6.68,52,6.83,26,127.88,81.78,85.97,10.0,34.2
8.34,68,4.97,28,147.4,73.95,74.44,10.0,21.07
7.43,58,5.2,31,155.01,74.13,76.82,10.0,20.7
5.5,37,7.76,16,89.96,84.0,91.02,10.0,35.01
6.36,53,6.45,29,150.79,95.67,88.09,10.0,34.89
5.41,33,7.32,13,59.99,82.53,91.5,10.0,41.89
9.15,62,6.53,31,181.4,77.31,,10.0,30.96
7.04,60,6.54,26,156.93,75.74,86.61,10.0,35.22
10.8,88,7.63,39,232.37,75.12,76.63,10.0,24.7
6.88,54,5.88,37,225.24,76.81,73.47,10.0,22.81
5.58,37,6.62,19,127.74,80.01,69.35,10.0,32.03
3.97,28,5.95,11,53.3,93.04,,10.0,40.37
3.39,25,5.98,9,68.4,91.06,76.5,10.0,36.95
3.83,22,6.13,8,27.18,85.28,81.17,10.0,29.7
7.53,56,6.77,31,155.8,66.94,76.38,10.0,24.59
8.02,67,5.93,18,143.37,74.01,82.94,10.0,27.7
3.84,37,8.01,24,108.05,100.0,82.33,10.0,45.26
8.79,68,5.43,37,168.11,72.12,71.53,10.0,23.49
6.03,52,6.28,19,123.21,86.0,82.71,10.0,33.95
7.29,48,5.97,28,134.1,84.57,72.54,10.0,28.81
10.22,85,8.24,49,266.88,77.12,77.84,10.0,30.13
8.79,66,6.74,35,175.03,71.68,70.02,10.0,26.8
6.46,53,7.74,31,190.7,70.37,75.18,10.0,32.72
5.22,40,4.72,17,133.99,82.42,78.09,10.0,28.25
2.7,28,6.82,12,71.09,84.17,72.63,10.0,35.81
5.56,40,7.57,24,127.86,84.89,75.6,10.0,35.95
6.58,55,6.6,28,149.95,73.79,80.69,10.0,31.89
5.03,38,7.78,3,47.71,84.18,82.04,10.0,40.3
6.74,53,5.88,24,133.12,78.45,89.5,10.0,32.56
7.15,56,8.19,36,175.58,83.42,92.63,10.0,43.06
6.55,48,9.26,26,136.09,79.84,81.91,10.0,40.86
5.7,45,6.06,16,77.54,86.71,83.62,10.0,31.86
7.34,58,5.97,27,152.51,74.27,83.14,10.0,31.03
7.88,64,8.24,49,216.68,72.35,79.89,10.0,28.16
4.82,38,8.4,21,138.61,86.61,77.0,10.0,36.68
9.82,82,5.87,43,204.4,72.27,78.28,10.0,23.71
6.8,59,6.0,40,171.4,79.19,78.27,10.0,29.78
7.04,51,6.16,29,136.8,85.06,77.86,10.0,26.33
8.42,71,4.89,24,125.63,71.76,79.89,10.0,21.54
7.47,53,,23,129.06,75.26,74.89,10.0,23.04
8.91,74,5.3,51,233.92,67.26,70.93,10.0,17.37
7.57,63,5.58,23,150.84,80.11,79.19,10.0,30.15
5.78,36,6.46,17,113.98,82.29,82.95,10.0,35.91
7.72,62,6.78,28,153.19,76.02,75.13,10.0,28.6
4.71,35,8.36,37,156.09,77.77,88.76,10.0,38.68
7.22,53,5.3,41,200.34,83.39,68.41,10.0,19.93
6.93,62,7.68,37,212.17,75.36,78.94,10.0,36.94
6.58,49,6.24,25,133.49,76.36,78.97,10.0,31.37
6.74,49,6.44,27,150.47,81.19,77.19,10.0,28.3
3.24,26,7.31,0,22.46,82.16,81.42,10.0,41.99
5.9,50,5.15,38,168.26,71.03,86.86,10.0,27.19
7.19,56,6.96,16,115.87,68.93,,10.0,28.81
7.32,64,6.7,40,160.22,82.37,92.94,10.0,35.33
4.94,42,7.09,18,70.92,81.57,85.19,10.0,34.82
9.53,65,6.85,41,182.49,89.27,81.11,10.0,29.15
5.27,39,9.45,14,85.5,83.39,89.85,10.0,45.82
8.94,68,5.73,33,169.48,68.98,91.29,10.0,24.95
7.85,65,5.86,22,148.77,73.19,74.28,10.0,27.28
5.71,32,5.75,18,103.41,81.31,74.18,10.0,34.92
10.55,97,5.83,51,246.56,68.21,73.78,10.0,17.12
4.61,39,5.74,19,63.72,85.31,80.57,10.0,27.93
8.84,71,7.93,32,192.22,73.28,74.02,10.0,23.73
9.0,77,8.2,43,225.56,71.5,82.76,10.0,31.2
5.66,56,5.82,19,103.44,71.32,88.37,10.0,29.07
9.78,82,5.5,29,183.95,60.31,78.69,10.0,20.67
6.5,56,7.07,28,129.58,78.54,80.51,10.0,33.23
7.58,61,5.84,35,194.52,75.01,75.34,10.0,20.7
7.52,59,7.26,31,163.76,76.32,86.28,10.0,27.59
6.73,51,6.74,22,125.42,86.24,77.27,10.0,33.51
8.62,64,4.68,35,195.57,78.26,85.33,10.0,24.34
8.59,65,8.36,29,147.26,77.87,93.93,10.0,36.09
3.5,21,8.66,17,94.0,81.33,87.03,10.0,38.96
9.61,76,5.76,40,214.04,69.48,77.9,10.0,23.55
3.68,20,6.03,9,67.94,81.72,86.09,10.0,39.93
9.07,73,6.84,34,165.21,72.27,86.41,10.0,29.84
9.25,73,6.9,41,167.72,71.81,76.98,10.0,23.61
4.82,39,7.29,24,117.22,81.68,79.99,10.0,36.36
6.18,46,8.91,38,166.62,83.54,78.44,10.0,34.64
4.79,53,6.29,9,81.44,79.82,83.26,10.0,37.62
6.57,59,5.54,31,151.72,78.99,81.89,10.0,28.71
6.38,44,4.84,8,71.45,78.72,71.75,10.0,19.85
8.56,69,5.62,25,162.21,69.57,76.27,10.0,22.43
9.62,73,6.46,36,201.1,80.03,72.83,10.0,26.64
9.79,73,8.65,41,178.33,72.82,79.84,10.0,30.69
5.88,40,5.88,23,95.29,71.92,82.92,10.0,28.72
6.58,54,6.77,24,118.18,82.28,77.9,10.0,28.47
3.63,25,6.48,9,85.06,81.61,80.04,10.0,37.66
5.39,47,7.93,20,107.53,86.68,75.92,10.0,35.68
8.93,76,9.53,25,120.38,69.19,87.99,10.0,31.0
10.23,88,5.86,31,151.23,78.23,78.98,10.0,23.04
4.53,31,5.91,6,76.95,86.12,76.9,10.0,36.39
5.82,48,7.75,22,135.85,76.37,82.3,10.0,34.87
6.95,58,7.32,12,63.47,73.35,84.48,10.0,39.02
7.56,58,8.72,31,143.77,90.67,80.96,10.0,40.19
5.38,39,7.2,8,97.21,79.95,75.4,10.0,35.6
7.85,70,6.07,40,206.46,72.27,87.72,10.0,27.79
6.05,49,7.21,23,115.55,70.98,79.33,10.0,32.04
6.97,58,7.83,35,157.88,79.96,82.55,10.0,34.22
8.09,60,7.48,38,174.18,77.65,87.12,10.0,32.25
7.01,50,7.11,19,83.35,83.77,100.0,10.0,40.31
6.13,46,7.78,26,151.72,76.31,76.81,10.0,31.34
6.78,53,7.9,20,148.86,74.64,85.57,10.0,32.67
6.82,49,8.16,29,158.54,84.93,80.14,10.0,33.49
6.26,50,7.28,54,249.25,87.07,77.71,10.0,39.6
6.48,43,6.3,21,73.61,71.78,77.77,10.0,30.46
10.2,75,6.68,56,265.88,78.37,73.29,10.0,24.9
8.12,68,7.95,34,161.94,79.84,82.99,10.0,30.94
6.41,54,5.52,30,143.21,83.68,71.28,10.0,28.79
8.39,65,6.94,32,174.91,76.75,85.7,10.0,30.58
6.33,45,6.03,23,120.25,66.78,80.33,10.0,28.42
9.35,69,6.53,44,179.18,73.62,82.19,10.0,23.53
7.74,60,8.03,29,172.41,85.89,80.86,10.0,36.24
6.79,57,6.73,27,96.98,75.42,80.01,10.0,29.51
7.9,67,6.56,36,188.32,75.38,81.41,10.0,26.52
3.86,28,4.87,20,68.54,81.14,72.77,10.0,30.6
4.75,32,7.4,6,65.77,70.8,81.9,10.0,31.21
4.61,38,7.27,19,83.35,93.68,78.86,10.0,40.49
7.29,54,9.1,34,190.72,79.11,80.56,10.0,39.86
10.47,81,6.13,33,203.71,73.86,68.32,10.0,18.4
11.46,98,6.76,51,251.47,70.17,86.03,10.0,22.06
8.28,70,6.8,35,151.87,83.33,77.63,10.0,29.12
8.0,64,8.39,33,190.77,82.81,89.42,10.0,38.69
3.4,20,6.39,10,91.92,84.8,86.58,10.0,37.73
5.91,48,6.83,35,179.67,77.37,74.25,10.0,31.99
5.42,48,7.23,21,108.65,87.6,77.21,10.0,41.24
5.76,44,6.72,30,140.98,72.56,93.9,10.0,33.23
6.66,60,5.96,33,142.88,81.83,88.3,10.0,26.54
6.06,54,6.73,32,166.05,75.86,80.54,10.0,34.12
3.04,32,7.79,17,42.3,95.76,86.16,10.0,49.61
8.5,69,5.27,41,200.76,74.35,74.04,10.0,23.12
4.85,41,6.66,17,96.1,86.83,83.88,10.0,33.38
7.48,66,5.66,22,155.12,76.77,75.15,10.0,25.68
11.15,91,7.93,46,236.86,64.81,71.76,10.0,20.67
5.16,38,4.67,21,115.95,74.72,70.8,10.0,26.35
1.94,13,5.83,12,37.24,91.14,81.14,10.0,34.02
6.43,52,6.95,30,141.43,81.88,75.89,10.0,31.09
9.2,67,8.38,42,240.58,84.26,82.41,10.0,31.44
10.92,86,6.42,52,258.81,73.03,73.16,10.0,21.84
4.54,41,5.83,27,121.43,77.75,75.73,10.0,29.09
7.99,52,8.76,38,154.2,,89.21,10.0,38.12
6.07,56,4.76,24,100.78,77.9,79.08,10.0,26.22
6.79,59,3.86,38,171.21,62.58,74.82,10.0,14.8
12.29,96,7.03,57,284.34,77.85,83.71,10.0,26.87
3.99,34,5.9,27,128.06,86.02,82.06,10.0,34.12
7.51,60,5.27,34,139.54,81.67,85.46,10.0,24.85
7.94,69,,25,159.76,70.93,79.74,10.0,37.12
9.17,78,6.79,26,143.42,81.46,79.05,10.0,30.56
7.2,50,5.82,24,139.34,88.41,72.82,10.0,28.06
7.62,63,4.96,39,189.84,68.09,74.62,10.0,25.32
6.22,48,7.55,29,116.56,86.52,87.98,10.0,43.55
7.54,60,7.28,32,177.52,79.49,88.1,10.0,33.68
6.31,46,6.38,13,126.87,72.41,85.45,10.0,32.8
8.24,74,8.72,34,182.83,83.41,75.41,10.0,32.13
6.26,55,5.22,23,97.05,82.08,84.23,10.0,29.02
7.75,58,4.67,35,165.39,70.82,67.39,10.0,18.37
6.94,48,5.67,13,56.04,83.29,84.9,10.0,31.47
9.25,72,6.45,36,188.69,66.05,77.91,10.0,25.12
6.9,57,,12,95.93,72.32,85.5,10.0,34.02
3.45,28,6.21,24,108.71,86.2,73.95,10.0,34.73
9.52,82,6.92,40,223.32,74.92,85.98,10.0,25.19
5.19,45,5.0,35,122.96,76.04,70.62,10.0,22.07
5.69,50,8.23,35,165.17,89.13,80.37,10.0,37.4
5.81,48,6.4,15,93.51,83.84,76.25,10.0,31.47
9.75,71,7.84,48,257.15,80.47,72.62,10.0,31.83
2.73,20,6.91,16,85.27,87.75,82.87,10.0,36.44
13.28,111,7.05,53,271.69,70.56,,10.0,22.75
9.11,72,7.18,50,225.42,73.91,93.94,10.0,34.24
7.45,62,7.04,25,123.19,89.45,82.51,10.0,33.54
6.89,53,7.27,20,119.96,76.7,88.13,10.0,36.3
7.57,55,8.09,37,140.74,91.57,85.0,10.0,37.5
8.04,63,6.74,30,153.02,77.56,83.42,10.0,31.19
8.29,67,7.35,32,142.4,71.24,80.62,10.0,29.22
8.11,61,6.39,38,207.03,83.4,80.31,10.0,31.3
7.18,56,8.23,30,143.0,82.73,86.76,10.0,33.17
6.61,48,5.69,31,149.29,82.42,76.0,10.0,26.98
6.7,59,8.66,15,123.54,90.05,,10.0,42.31
6.61,51,6.45,26,84.2,81.37,81.21,10.0,33.3
9.27,81,4.78,46,202.72,68.07,80.32,10.0,24.1
8.19,73,6.65,20,114.56,81.81,76.07,10.0,28.34
1.12,8,5.68,0,21.44,89.13,80.75,10.0,43.16
8.31,61,7.51,28,133.5,81.82,92.35,10.0,33.63
7.39,48,5.72,43,214.8,65.89,83.67,10.0,29.21
6.96,48,5.96,36,173.56,80.24,85.78,10.0,32.68
6.22,42,4.23,27,133.85,72.83,76.36,10.0,19.79
9.25,80,5.96,48,232.12,81.68,79.65,10.0,26.54
8.9,71,3.59,39,161.41,72.51,79.5,10.0,17.37
5.45,45,4.6,29,130.84,79.49,84.82,10.0,29.78
7.81,51,7.41,28,170.09,81.63,72.23,10.0,30.17
5.06,34,7.44,29,114.11,79.78,76.41,10.0,33.95
4.24,38,7.01,33,127.23,93.66,88.45,10.0,44.24
5.75,47,5.34,44,142.65,89.14,76.92,10.0,28.68
8.72,69,6.44,32,191.88,77.4,76.33,10.0,29.3
8.91,74,6.5,28,137.38,83.13,74.43,10.0,26.96
8.03,72,5.11,17,139.75,71.32,75.12,10.0,27.89
8.45,66,8.3,37,173.77,75.72,76.7,10.0,30.21
8.03,64,7.55,31,171.48,79.25,92.7,10.0,33.65
5.72,46,6.23,26,86.15,83.21,80.92,10.0,36.99
7.86,74,,43,237.49,75.37,78.82,10.0,26.45
8.6,58,6.75,36,226.11,78.99,82.67,10.0,34.4
8.51,71,4.05,36,196.74,72.61,79.63,10.0,22.25
9.38,74,6.2,29,199.1,68.66,83.82,10.0,25.13
8.42,70,5.68,37,170.38,77.12,83.89,10.0,21.05
7.7,58,5.3,16,133.2,79.51,75.22,10.0,25.5
9.14,72,6.16,38,194.27,74.9,77.6,10.0,25.3
6.95,59,8.66,20,153.62,89.18,88.6,10.0,45.12
5.24,57,7.27,12,72.71,77.98,80.69,10.0,40.46
6.67,57,5.81,38,150.18,80.62,79.1,10.0,26.38
5.51,39,7.19,24,111.06,77.5,84.52,10.0,37.78
8.91,72,5.46,44,224.46,60.45,79.64,10.0,17.98
6.58,55,6.6,28,149.95,73.79,80.69,10.0,31.89
7.48,65,5.32,30,155.1,84.19,72.56,10.0,22.79
6.11,45,6.62,20,94.89,78.56,77.55,10.0,36.49
5.84,43,7.11,28,181.86,86.29,87.84,10.0,36.61
10.92,86,6.42,52,258.81,73.03,73.16,10.0,21.84
8.08,68,3.0,36,206.7,71.21,,10.0,14.12
6.03,52,6.28,19,123.21,86.0,82.71,10.0,33.95
5.78,47,6.89,26,104.65,81.25,86.82,10.0,32.91
9.76,80,4.38,47,209.62,68.31,70.97,10.0,15.75
